s4tf,tf_eager,tf_function
0.01620102,0.03347063,0.3723433
0.016342998,0.025592804,0.3692565
0.01672399,0.026680231,0.36569476
